,Fp1,Fp2,F3,F4,C3,C4,O1,O2
Fp1,0.19010477738828913,0.966243693522717,0.22847463641019672,0.5979505883678741,0.43108034819873575,0.8770680059520651,0.05761531085482818,0.354709472894847
Fp2,0.8540500301744015,0.3577824141782,0.26438889769652685,0.575990740590973,0.7006368091545767,0.3622096755918659,0.7360862148491151,0.9477656497302703
F3,0.2956522568636847,0.5588379465246055,0.536053969931317,0.10701323528938178,0.3822105223274638,0.558688488289503,0.26257266588889316,0.1631736163395433
F4,0.9872220005299267,0.9292890378957597,0.5541453350153586,0.8754781163000638,0.022484911052529477,0.9117022244424029,0.7129609881744543,0.634669532126169
C3,0.4404886883185173,0.6760924158052937,0.3393068221293083,0.19634391968341602,0.6545087280652576,0.7311998574521218,0.3645487318458147,0.09542432158281144
C4,0.005769606570515506,0.530434826465601,0.4716236214573848,0.4681854801074574,0.20594332012552052,0.6857385116867667,0.5758624518157949,0.09659042733420165
O1,0.7989650075928337,0.701704754182352,0.8668620296406123,0.630444207600757,0.5498625949327364,0.38852531868475293,0.2299725463863519,0.6445201701935007
O2,0.2107909111185824,0.7442016320391208,0.5008220929081403,0.30548969837680295,0.5284195637858303,0.4046700875215149,0.7982411752651444,0.35891713761654676
