Channel,Mean,Std,Kurtosis,Skewness,Line_Noise,Signal_Quality
Fp1,0.9158117638640709,0.7369781438167244,0.9176550849781585,0.0652731367844841,0.18734850434695527,0.9770712481910361
Fp2,0.719846799961916,0.5795526242460588,0.5610382924654,0.475156992745457,0.6197623205116279,0.22571832709237316
F3,0.6937548126053497,0.32950167569501576,0.5180561259225482,0.8098572825042688,0.22963795379162644,0.9016967520558224
F4,0.5596927140616507,0.13702070215129614,0.9820119290043359,0.5993161207440416,0.024240149628001584,0.5388829688456996
C3,0.4479906864458324,0.14384362854508592,0.722190397575118,0.9581503889109894,0.525511662500941,0.7792473619523839
C4,0.38927705209175,0.1782596038687143,0.33642410048716875,0.2953451333136874,0.6690512077377773,0.8892037318007676
O1,0.5715862228533561,0.2461389673583867,0.11688312698866088,0.256824649890536,0.13374135798233555,0.6571484664370518
O2,0.9476331530415824,0.438476083026727,0.4282473253446538,0.21393772327216642,0.6737468146235249,0.4876520695612311
