,Verbal_Reasoning,Numerical_Reasoning,Abstract_Reasoning,Processing_Speed,Working_Memory,Age,Mean_Response_Time_ms,Error_Rate
count,1500.0,1500.0,1500.0,1500.0,1500.0,1500.0,1500.0,1500.0
mean,99.83851612516101,99.79833686272505,99.87010482868686,100.03572287395222,99.94975324000927,34.914,600.9968984223274,0.14572135787210633
std,10.949221384798504,11.107397140324819,11.162237601682676,10.690076973649667,10.720559326653687,10.83719985053336,110.86441725254878,0.09039138296179651
min,64.13709472047833,65.77609502935698,62.950322444555916,65.57624549112381,64.79301230922245,18.0,288.4659698570102,0.002812802709512934
25%,92.57066441055647,92.49535668772373,92.69043318552575,92.60780072385587,92.8441815439826,27.0,519.8963360467103,0.07436491117795214
50%,99.68793374447334,100.13171451957935,99.39179579617256,99.78867666051846,100.038577929192,34.0,588.0853237753145,0.13232444699138948
75%,106.96441631590287,107.38964183940055,107.31330138776352,107.25732056566132,107.2233889667342,42.0,669.727590457245,0.19987118124630002
max,133.92919539567865,130.37848899043172,133.81038504481302,130.87000232983638,132.51798591842572,69.0,1045.74531307465,0.5381321656137723
